CustomerID,Region,Segment,JoinDate
50001,South,Consumer,2024-10-01
50002,South,Consumer,2025-05-17
50003,Midwest,Consumer,2024-05-15
50004,Northeast,Consumer,2024-12-28
50005,Midwest,Consumer,2024-06-27
50006,Northeast,Consumer,2025-03-19
50007,Northeast,Consumer,2024-01-04
50008,Midwest,Consumer,2023-12-18
50009,Midwest,Consumer,2024-01-21
50010,South,Consumer,2025-06-27
50011,Midwest,Consumer,2024-07-11
50012,West,Consumer,2023-05-20
50013,South,SMB,2023-02-07
50014,Northeast,SMB,2024-04-18
50015,South,Consumer,2025-01-04
50016,Midwest,Consumer,2024-03-13
50017,West,Consumer,2024-05-25
50018,Northeast,Consumer,2024-12-29
50019,South,Consumer,2024-04-15
50020,Midwest,SMB,2025-04-08
50021,Northeast,SMB,2024-08-04
50022,Northeast,Consumer,2024-10-28
50023,West,Consumer,2024-12-13
50024,South,SMB,2024-07-25
50025,Northeast,Consumer,2023-02-15
50026,Midwest,SMB,2024-01-25
50027,Northeast,Consumer,2023-05-10
50028,South,SMB,2024-04-10
50029,Northeast,Consumer,2023-05-11
50030,Midwest,Consumer,2024-04-09
50031,West,Consumer,2023-11-10
50032,West,Consumer,2023-01-19
50033,Midwest,Consumer,2023-04-24
50034,South,Consumer,2024-04-03
50035,Midwest,Consumer,2023-03-13
50036,South,SMB,2025-02-19
50037,Northeast,Consumer,2024-11-22
50038,South,Consumer,2024-10-08
50039,South,Consumer,2023-06-06
50040,South,Consumer,2024-12-26
50041,Midwest,Consumer,2024-08-01
50042,West,Consumer,2023-12-23
50043,Midwest,Consumer,2023-01-01
50044,Midwest,Consumer,2024-04-27
50045,South,SMB,2024-12-26
50046,Northeast,Consumer,2023-01-31
50047,West,SMB,2023-02-17
50048,West,Consumer,2023-12-16
50049,Northeast,Consumer,2024-04-11
50050,West,Consumer,2024-03-08
50051,Northeast,Consumer,2024-01-24
50052,Northeast,Consumer,2023-08-21
50053,Midwest,Consumer,2023-02-24
50054,West,Consumer,2023-01-29
50055,Midwest,Consumer,2023-04-01
50056,Midwest,Consumer,2024-09-21
50057,Northeast,Consumer,2024-12-17
50058,West,SMB,2024-02-01
50059,West,Consumer,2023-03-12
50060,South,SMB,2024-01-15
50061,West,Consumer,2025-06-17
50062,West,SMB,2023-08-16
50063,Northeast,SMB,2024-03-23
50064,Northeast,Consumer,2024-05-05
50065,South,Consumer,2023-10-28
50066,South,Consumer,2024-02-04
50067,Northeast,SMB,2024-03-06
50068,Midwest,Consumer,2024-03-08
50069,South,Consumer,2024-10-16
50070,Midwest,SMB,2024-06-13
50071,West,Consumer,2023-02-18
50072,Midwest,Consumer,2023-01-06
50073,Midwest,Consumer,2024-01-10
50074,West,Consumer,2025-04-07
50075,Midwest,Consumer,2023-02-03
50076,Midwest,SMB,2023-03-06
50077,South,Consumer,2024-09-11
50078,West,Consumer,2024-02-16
50079,Midwest,Consumer,2023-07-30
50080,Northeast,Consumer,2023-07-09
50081,South,Consumer,2024-08-29
50082,West,SMB,2024-04-22
50083,Northeast,SMB,2024-08-05
50084,Midwest,Consumer,2023-09-13
50085,Midwest,Consumer,2024-04-25
50086,Midwest,Consumer,2025-02-23
50087,Midwest,Consumer,2023-10-16
50088,South,Consumer,2023-12-28
50089,Midwest,Consumer,2023-05-30
50090,Northeast,Consumer,2024-08-05
50091,South,SMB,2023-01-30
50092,South,Consumer,2023-08-15
50093,Midwest,SMB,2024-10-12
50094,West,Consumer,2023-01-18
50095,South,SMB,2025-06-21
50096,South,Consumer,2024-01-04
50097,Midwest,Consumer,2023-12-30
50098,Midwest,SMB,2024-05-04
50099,West,SMB,2024-08-05
50100,Northeast,Consumer,2024-02-24
50101,Northeast,Consumer,2025-03-17
50102,Northeast,Consumer,2025-05-27
50103,South,Consumer,2023-07-02
50104,West,Consumer,2024-10-06
50105,Northeast,SMB,2023-10-02
50106,West,Consumer,2025-06-27
50107,Midwest,Consumer,2023-08-20
50108,South,Consumer,2023-09-27
50109,South,Consumer,2024-10-13
50110,Midwest,Consumer,2024-12-20
50111,Midwest,Consumer,2023-04-28
50112,Northeast,Consumer,2024-05-21
50113,West,Consumer,2023-11-12
50114,South,SMB,2024-07-11
50115,West,Consumer,2024-05-22
50116,West,SMB,2025-06-18
50117,Northeast,Consumer,2025-05-01
50118,South,Consumer,2024-08-19
50119,Midwest,Consumer,2024-09-11
50120,Midwest,Consumer,2025-03-30
50121,West,Consumer,2023-06-17
50122,South,Consumer,2024-10-23
50123,Midwest,Consumer,2024-12-05
50124,South,Consumer,2023-04-27
50125,South,Consumer,2025-03-14
50126,West,Consumer,2024-09-29
50127,South,Consumer,2023-11-13
50128,Northeast,Consumer,2024-03-17
50129,Northeast,Consumer,2024-03-22
50130,Northeast,Consumer,2025-04-17
50131,South,Consumer,2025-06-02
50132,West,Consumer,2025-01-05
50133,Northeast,Consumer,2024-08-17
50134,Midwest,Consumer,2023-04-05
50135,Midwest,SMB,2025-04-14
50136,South,Consumer,2023-05-03
50137,West,SMB,2023-06-02
50138,Midwest,Consumer,2023-03-05
50139,Midwest,Consumer,2025-05-14
50140,South,Consumer,2024-03-25
50141,Midwest,Consumer,2023-08-04
50142,West,SMB,2023-03-15
50143,Northeast,Consumer,2024-01-11
50144,Midwest,Consumer,2024-10-21
50145,West,Consumer,2025-06-26
50146,Midwest,Consumer,2024-05-18
50147,Northeast,Consumer,2024-07-07
50148,Midwest,Consumer,2025-02-01
50149,Midwest,Consumer,2025-04-02
50150,Midwest,SMB,2023-09-13
50151,Midwest,Consumer,2025-06-23
50152,Midwest,Consumer,2024-04-18
50153,Midwest,Consumer,2025-04-28
50154,South,SMB,2023-04-18
50155,South,SMB,2023-03-30
50156,Northeast,Consumer,2025-03-17
50157,Northeast,Consumer,2024-09-05
50158,Northeast,Consumer,2023-06-09
50159,West,SMB,2025-03-27
50160,West,Consumer,2023-04-04
50161,Midwest,Consumer,2024-09-14
50162,Midwest,Consumer,2023-07-07
50163,Midwest,Consumer,2023-03-06
50164,Midwest,Consumer,2025-01-05
50165,South,Consumer,2025-02-11
50166,Northeast,Consumer,2023-04-07
50167,Midwest,SMB,2023-03-26
50168,Northeast,Consumer,2024-07-14
50169,South,Consumer,2023-01-27
50170,Midwest,Consumer,2024-11-11
50171,West,SMB,2025-04-15
50172,Midwest,Consumer,2024-11-15
50173,West,Consumer,2023-07-30
50174,Midwest,Consumer,2023-06-23
50175,West,Consumer,2024-09-12
50176,West,Consumer,2023-02-26
50177,West,Consumer,2024-05-05
50178,West,Consumer,2024-02-14
50179,South,Consumer,2024-11-10
50180,South,Consumer,2023-07-04
50181,South,SMB,2024-11-26
50182,Midwest,Consumer,2024-09-29
50183,South,Consumer,2023-08-06
50184,Northeast,Consumer,2023-11-22
50185,West,Consumer,2023-03-02
50186,Northeast,Consumer,2024-02-14
50187,Northeast,Consumer,2023-08-26
50188,South,Consumer,2023-04-14
50189,Midwest,Consumer,2024-05-25
50190,Midwest,SMB,2024-06-01
50191,Northeast,SMB,2023-03-20
50192,Northeast,Consumer,2023-06-19
50193,Midwest,Consumer,2023-03-17
50194,Northeast,Consumer,2024-09-11
50195,Northeast,Consumer,2023-11-05
50196,Northeast,Consumer,2023-03-06
50197,Northeast,Consumer,2023-06-24
50198,South,Consumer,2025-06-09
50199,Northeast,Consumer,2023-08-22
50200,West,SMB,2024-09-16
50201,West,Consumer,2024-03-03
50202,Northeast,Consumer,2023-06-15
50203,Northeast,Consumer,2023-10-08
50204,South,Consumer,2023-01-13
50205,West,Consumer,2024-11-12
50206,South,SMB,2023-11-02
50207,West,Consumer,2024-03-31
50208,South,Consumer,2023-05-20
50209,South,Consumer,2025-01-21
50210,Northeast,Consumer,2023-07-19
50211,South,Consumer,2024-05-31
50212,Midwest,Consumer,2025-03-06
50213,South,SMB,2024-10-12
50214,West,Consumer,2024-07-04
50215,Midwest,Consumer,2025-03-20
50216,South,Consumer,2023-06-10
50217,Midwest,SMB,2025-05-28
50218,South,Consumer,2024-05-22
50219,Midwest,Consumer,2024-01-09
50220,West,Consumer,2023-08-22
50221,Midwest,Consumer,2024-11-10
50222,West,Consumer,2025-06-09
50223,West,Consumer,2024-09-21
50224,South,Consumer,2023-01-30
50225,South,Consumer,2024-03-03
50226,South,Consumer,2024-10-29
50227,West,SMB,2023-12-29
50228,Midwest,SMB,2024-12-05
50229,South,Consumer,2024-10-07
50230,Midwest,Consumer,2023-03-03
50231,South,Consumer,2024-05-23
50232,Midwest,SMB,2023-06-06
50233,South,Consumer,2024-03-19
50234,South,Consumer,2023-12-17
50235,Northeast,Consumer,2025-01-05
50236,South,Consumer,2025-03-02
50237,South,Consumer,2024-02-25
50238,South,Consumer,2024-05-04
50239,Northeast,SMB,2024-07-24
50240,South,Consumer,2024-08-20
50241,West,SMB,2024-08-02
50242,Midwest,Consumer,2024-12-15
50243,Midwest,Consumer,2025-06-14
50244,Midwest,SMB,2025-01-25
50245,South,Consumer,2023-05-03
50246,Northeast,Consumer,2024-03-10
50247,South,Consumer,2024-02-25
50248,South,Consumer,2024-04-09
50249,Northeast,Consumer,2024-04-26
50250,West,Consumer,2024-10-16
50251,South,Consumer,2024-01-19
50252,Midwest,Consumer,2023-08-29
50253,Northeast,Consumer,2024-02-22
50254,Northeast,Consumer,2025-02-18
50255,Midwest,Consumer,2023-10-12
50256,Midwest,Consumer,2023-01-19
50257,West,SMB,2025-06-09
50258,Northeast,Consumer,2023-06-28
50259,Northeast,Consumer,2024-07-03
50260,South,Consumer,2024-12-30
50261,South,SMB,2023-09-08
50262,West,Consumer,2023-11-07
50263,South,Consumer,2023-09-13
50264,Northeast,Consumer,2023-05-17
50265,Northeast,Consumer,2023-05-20
50266,West,Consumer,2023-06-20
50267,South,SMB,2024-02-22
50268,West,Consumer,2024-04-29
50269,Midwest,Consumer,2023-01-15
50270,West,Consumer,2025-02-10
50271,South,Consumer,2024-09-08
50272,Midwest,Consumer,2023-03-06
50273,South,Consumer,2025-02-07
50274,South,Consumer,2023-01-28
50275,Midwest,Consumer,2024-05-26
50276,Northeast,SMB,2024-02-29
50277,West,Consumer,2024-04-02
50278,Northeast,Consumer,2025-05-22
50279,Northeast,Consumer,2025-04-25
50280,Northeast,Consumer,2023-09-12
50281,Northeast,Consumer,2024-06-12
50282,West,Consumer,2025-05-24
50283,South,Consumer,2024-10-26
50284,Midwest,SMB,2025-03-20
50285,West,SMB,2024-02-01
50286,West,Consumer,2023-09-16
50287,Northeast,Consumer,2024-04-10
50288,West,Consumer,2025-01-15
50289,Midwest,Consumer,2025-04-27
50290,West,SMB,2024-09-17
50291,South,Consumer,2024-10-06
50292,South,SMB,2024-04-11
50293,Midwest,Consumer,2023-10-19
50294,West,Consumer,2024-01-21
50295,Midwest,Consumer,2024-03-29
50296,Midwest,Consumer,2025-01-13
50297,Midwest,Consumer,2024-05-21
50298,South,Consumer,2024-12-24
50299,Midwest,Consumer,2023-01-25
50300,West,SMB,2024-11-21
50301,South,Consumer,2024-04-07
50302,Midwest,Consumer,2025-06-29
50303,Midwest,Consumer,2024-03-06
50304,Midwest,Consumer,2024-03-12
50305,South,SMB,2023-04-27
50306,West,Consumer,2025-01-05
50307,Midwest,Consumer,2024-10-01
50308,West,Consumer,2025-02-25
50309,Midwest,Consumer,2023-03-26
50310,West,Consumer,2023-07-12
50311,West,SMB,2025-03-10
50312,South,Consumer,2023-02-08
50313,South,Consumer,2024-04-08
50314,West,Consumer,2024-01-05
50315,Midwest,Consumer,2025-05-06
50316,Midwest,SMB,2025-02-20
50317,Midwest,Consumer,2025-03-28
50318,Northeast,Consumer,2023-09-21
50319,South,Consumer,2024-06-19
50320,South,Consumer,2024-09-30
50321,West,SMB,2025-06-01
50322,Midwest,Consumer,2023-01-07
50323,South,Consumer,2025-06-10
50324,Midwest,Consumer,2023-11-21
50325,Midwest,Consumer,2023-04-27
50326,South,Consumer,2024-07-15
50327,West,Consumer,2024-12-13
50328,South,Consumer,2023-04-29
50329,Midwest,Consumer,2023-02-07
50330,South,Consumer,2025-03-28
50331,Midwest,Consumer,2025-05-01
50332,West,Consumer,2023-05-23
50333,South,Consumer,2025-04-04
50334,Midwest,Consumer,2025-04-09
50335,Midwest,Consumer,2025-06-28
50336,Midwest,Consumer,2023-07-17
50337,West,Consumer,2024-06-11
50338,Northeast,Consumer,2025-06-25
50339,South,Consumer,2025-04-03
50340,South,Consumer,2024-07-05
50341,South,SMB,2023-06-29
50342,Midwest,Consumer,2023-03-18
50343,West,Consumer,2023-08-25
50344,Northeast,Consumer,2023-03-01
50345,South,Consumer,2023-06-28
50346,South,Consumer,2023-03-10
50347,South,SMB,2024-11-26
50348,West,Consumer,2024-06-21
50349,Midwest,Consumer,2024-04-17
50350,Northeast,Consumer,2025-01-08
50351,Northeast,Consumer,2024-01-10
50352,Northeast,SMB,2024-01-03
50353,Midwest,Consumer,2023-07-08
50354,Midwest,Consumer,2024-02-10
50355,Midwest,Consumer,2023-06-09
50356,Northeast,Consumer,2024-06-21
50357,Northeast,Consumer,2025-06-28
50358,South,Consumer,2024-05-01
50359,South,Consumer,2023-09-30
50360,Northeast,SMB,2024-09-19
50361,Northeast,Consumer,2025-01-17
50362,Midwest,Consumer,2024-03-06
50363,South,Consumer,2023-08-17
50364,Northeast,Consumer,2024-10-13
50365,Midwest,SMB,2023-06-20
50366,Northeast,Consumer,2025-06-28
50367,Northeast,Consumer,2023-10-17
50368,Midwest,SMB,2023-11-16
50369,South,Consumer,2024-10-24
50370,South,Consumer,2023-01-12
50371,South,SMB,2023-07-05
50372,South,Consumer,2023-04-25
50373,South,Consumer,2023-12-23
50374,Northeast,SMB,2024-05-19
50375,South,SMB,2023-06-13
50376,South,Consumer,2023-11-10
50377,Northeast,Consumer,2024-12-05
50378,South,Consumer,2025-05-07
50379,Northeast,SMB,2023-01-14
50380,Northeast,Consumer,2024-07-26
50381,South,Consumer,2023-01-24
50382,West,Consumer,2024-04-19
50383,West,SMB,2025-03-13
50384,Northeast,SMB,2024-12-28
50385,South,Consumer,2023-08-01
50386,South,Consumer,2023-08-24
50387,Northeast,SMB,2024-12-15
50388,West,SMB,2025-01-17
50389,Northeast,Consumer,2023-09-14
50390,Midwest,Consumer,2023-01-03
50391,Midwest,Consumer,2024-02-10
50392,West,Consumer,2024-07-19
50393,Midwest,Consumer,2024-02-09
50394,Northeast,Consumer,2025-05-02
50395,Northeast,Consumer,2025-01-12
50396,Midwest,SMB,2024-12-19
50397,Northeast,Consumer,2023-01-19
50398,South,Consumer,2025-02-17
50399,Midwest,Consumer,2024-11-19
50400,West,Consumer,2023-12-29
50401,West,Consumer,2024-06-21
50402,Northeast,Consumer,2025-01-21
50403,Midwest,Consumer,2025-04-06
50404,South,Consumer,2024-05-17
50405,Midwest,SMB,2023-02-07
50406,Northeast,Consumer,2024-07-18
50407,West,SMB,2024-09-12
50408,West,SMB,2023-02-23
50409,South,SMB,2025-01-15
50410,Northeast,Consumer,2023-07-03
50411,South,Consumer,2025-03-23
50412,South,Consumer,2024-05-17
50413,Northeast,Consumer,2023-10-21
50414,South,Consumer,2023-02-23
50415,Midwest,SMB,2023-01-17
50416,Midwest,Consumer,2024-11-07
50417,South,Consumer,2023-12-10
50418,Midwest,Consumer,2025-02-05
50419,Midwest,Consumer,2023-07-30
50420,West,Consumer,2025-04-19
50421,West,Consumer,2025-05-08
50422,South,Consumer,2023-04-03
50423,West,Consumer,2024-08-13
50424,West,Consumer,2025-05-07
50425,Midwest,Consumer,2023-10-22
50426,Northeast,Consumer,2023-03-03
50427,Northeast,SMB,2025-03-09
50428,Midwest,Consumer,2024-03-08
50429,South,Consumer,2023-01-25
50430,Northeast,Consumer,2025-02-05
50431,Northeast,Consumer,2024-09-11
50432,Midwest,Consumer,2023-03-06
50433,Midwest,Consumer,2023-08-24
50434,West,SMB,2023-01-17
50435,Midwest,Consumer,2025-05-20
50436,Midwest,Consumer,2023-01-23
50437,Northeast,Consumer,2024-12-26
50438,Northeast,Consumer,2024-04-11
50439,South,Consumer,2024-06-15
50440,Northeast,Consumer,2025-01-10
50441,Midwest,Consumer,2025-03-27
50442,Midwest,Consumer,2023-04-27
50443,West,Consumer,2023-01-17
50444,South,Consumer,2023-04-24
50445,South,Consumer,2024-09-14
50446,South,Consumer,2024-06-02
50447,South,Consumer,2023-03-18
50448,Midwest,Consumer,2023-08-02
50449,Northeast,Consumer,2024-05-04
50450,South,SMB,2024-10-27
50451,Northeast,Consumer,2023-11-10
50452,West,Consumer,2025-05-16
50453,Northeast,Consumer,2025-06-23
50454,South,SMB,2024-11-29
50455,West,Consumer,2024-02-19
50456,Northeast,Consumer,2025-03-10
50457,West,Consumer,2024-10-25
50458,South,SMB,2024-04-18
50459,West,Consumer,2024-02-09
50460,Northeast,SMB,2025-01-29
50461,Northeast,Consumer,2024-05-23
50462,South,SMB,2023-06-16
50463,Midwest,Consumer,2025-06-30
50464,Northeast,Consumer,2023-03-04
50465,West,Consumer,2024-09-25
50466,South,Consumer,2024-08-21
50467,Midwest,Consumer,2024-06-18
50468,Northeast,Consumer,2023-02-17
50469,Midwest,Consumer,2024-03-25
50470,Midwest,Consumer,2025-03-24
50471,West,Consumer,2023-08-07
50472,Northeast,SMB,2024-09-22
50473,Northeast,Consumer,2025-02-22
50474,South,Consumer,2025-05-18
50475,Midwest,Consumer,2024-04-15
50476,Midwest,SMB,2023-10-14
50477,South,Consumer,2024-09-30
50478,South,Consumer,2024-03-19
50479,West,SMB,2024-07-25
50480,South,SMB,2024-11-07
50481,Northeast,Consumer,2024-10-09
50482,South,Consumer,2023-08-10
50483,West,Consumer,2024-11-20
50484,South,Consumer,2024-05-09
50485,West,Consumer,2025-04-28
50486,South,Consumer,2024-08-24
50487,West,Consumer,2025-03-24
50488,Midwest,Consumer,2025-06-11
50489,South,Consumer,2025-06-25
50490,Northeast,Consumer,2024-11-10
50491,South,SMB,2024-06-28
50492,South,SMB,2023-04-18
50493,West,Consumer,2023-12-19
50494,West,Consumer,2024-03-09
50495,Northeast,Consumer,2024-12-12
50496,South,Consumer,2024-06-20
50497,South,Consumer,2024-02-05
50498,Northeast,SMB,2023-05-14
50499,Midwest,SMB,2024-10-14
50500,Midwest,SMB,2024-01-29
50501,South,SMB,2023-02-02
50502,Northeast,SMB,2023-09-17
50503,West,Consumer,2025-03-13
50504,Northeast,SMB,2023-04-19
50505,West,Consumer,2024-01-06
50506,Northeast,Consumer,2024-04-11
50507,South,Consumer,2023-03-18
50508,Midwest,Consumer,2023-06-01
50509,South,Consumer,2025-05-07
50510,West,Consumer,2024-06-22
50511,West,Consumer,2023-07-11
50512,West,Consumer,2023-06-04
50513,Midwest,SMB,2024-01-24
50514,Northeast,Consumer,2024-10-21
50515,Midwest,Consumer,2024-10-28
50516,Midwest,Consumer,2023-06-28
50517,South,Consumer,2024-10-23
50518,South,Consumer,2025-03-28
50519,South,SMB,2023-07-26
50520,West,Consumer,2023-01-24
50521,South,Consumer,2025-05-24
50522,West,Consumer,2024-04-21
50523,Midwest,Consumer,2024-12-09
50524,Midwest,SMB,2023-10-19
50525,South,Consumer,2023-09-30
50526,West,SMB,2023-07-25
50527,Midwest,Consumer,2023-07-17
50528,Northeast,Consumer,2024-03-06
50529,South,Consumer,2023-04-07
50530,Midwest,SMB,2025-02-06
50531,Northeast,SMB,2024-04-11
50532,West,Consumer,2025-04-14
50533,South,SMB,2024-04-02
50534,Midwest,Consumer,2023-10-04
50535,West,Consumer,2024-04-14
50536,Northeast,SMB,2023-05-21
50537,West,Consumer,2025-01-21
50538,Northeast,Consumer,2024-10-18
50539,South,Consumer,2023-05-15
50540,Northeast,Consumer,2024-06-14
50541,Midwest,SMB,2024-05-05
50542,West,Consumer,2023-07-03
50543,Midwest,Consumer,2023-04-22
50544,Midwest,Consumer,2024-11-24
50545,Northeast,Consumer,2023-08-29
50546,South,SMB,2024-04-18
50547,West,SMB,2023-08-14
50548,West,Consumer,2024-08-18
50549,Northeast,Consumer,2023-02-14
50550,Northeast,Consumer,2023-11-24
50551,Midwest,Consumer,2024-05-13
50552,South,Consumer,2024-02-05
50553,West,Consumer,2024-07-12
50554,South,Consumer,2023-06-14
50555,South,Consumer,2024-02-07
50556,Northeast,Consumer,2024-11-20
50557,West,Consumer,2023-11-01
50558,Northeast,SMB,2023-05-24
50559,Midwest,Consumer,2025-02-12
50560,Northeast,Consumer,2024-12-10
50561,Midwest,SMB,2024-09-12
50562,Midwest,SMB,2024-12-28
50563,Midwest,Consumer,2024-12-11
50564,Northeast,Consumer,2024-11-11
50565,South,Consumer,2024-04-09
50566,Northeast,Consumer,2023-01-18
50567,Northeast,Consumer,2024-06-28
50568,West,Consumer,2023-09-07
50569,South,Consumer,2024-12-06
50570,South,Consumer,2024-03-03
50571,Northeast,SMB,2025-04-05
50572,West,Consumer,2024-06-27
50573,Midwest,SMB,2024-05-17
50574,Northeast,SMB,2025-04-18
50575,West,SMB,2024-03-09
50576,South,Consumer,2023-12-09
50577,South,SMB,2023-12-05
50578,South,Consumer,2025-03-09
50579,South,Consumer,2024-11-20
50580,Northeast,SMB,2023-05-30
50581,Midwest,Consumer,2024-03-25
50582,Northeast,Consumer,2023-12-05
50583,Midwest,Consumer,2024-08-12
50584,West,SMB,2023-02-17
50585,Northeast,Consumer,2024-10-13
50586,South,Consumer,2024-11-08
50587,South,SMB,2023-07-26
50588,South,Consumer,2023-05-18
50589,Northeast,Consumer,2024-07-26
50590,Northeast,Consumer,2023-08-23
50591,West,SMB,2025-05-08
50592,South,Consumer,2024-12-08
50593,West,Consumer,2025-05-20
50594,West,Consumer,2024-05-02
50595,South,SMB,2025-05-05
50596,Midwest,Consumer,2023-01-13
50597,South,Consumer,2023-09-22
50598,Midwest,SMB,2023-01-03
50599,South,Consumer,2024-09-09
50600,West,Consumer,2024-04-10
50601,Northeast,Consumer,2023-09-20
50602,Northeast,SMB,2023-10-06
50603,Midwest,Consumer,2024-08-10
50604,West,Consumer,2023-06-14
50605,Midwest,Consumer,2024-04-14
50606,Midwest,Consumer,2024-07-13
50607,Midwest,Consumer,2023-08-07
50608,Midwest,Consumer,2023-07-28
50609,Northeast,Consumer,2023-11-20
50610,Northeast,SMB,2024-06-24
50611,Northeast,Consumer,2023-08-21
50612,Midwest,Consumer,2023-12-12
50613,Midwest,Consumer,2024-05-10
50614,Northeast,Consumer,2023-06-20
50615,Midwest,Consumer,2024-06-02
50616,South,Consumer,2023-05-06
50617,Midwest,Consumer,2023-05-10
50618,Northeast,Consumer,2023-08-05
50619,Northeast,Consumer,2023-09-19
50620,Northeast,Consumer,2023-01-28
50621,Midwest,Consumer,2025-05-26
50622,Midwest,SMB,2023-10-09
50623,West,Consumer,2025-01-03
50624,Midwest,Consumer,2025-04-02
50625,Northeast,Consumer,2024-12-31
50626,Northeast,Consumer,2025-01-28
50627,Northeast,Consumer,2023-04-02
50628,Northeast,Consumer,2023-12-06
50629,South,Consumer,2024-11-11
50630,West,Consumer,2024-06-09
50631,Midwest,Consumer,2023-01-06
50632,Northeast,Consumer,2024-06-01
50633,Midwest,SMB,2025-01-03
50634,Northeast,Consumer,2025-01-25
50635,South,SMB,2023-12-17
50636,Midwest,Consumer,2023-08-04
50637,Northeast,SMB,2023-10-10
50638,West,Consumer,2023-09-28
50639,Midwest,Consumer,2023-11-13
50640,Northeast,Consumer,2023-10-03
50641,South,Consumer,2024-02-21
50642,Midwest,SMB,2023-02-07
50643,Midwest,Consumer,2023-09-08
50644,Midwest,Consumer,2023-10-14
50645,West,Consumer,2023-05-20
50646,Midwest,SMB,2025-03-11
50647,Midwest,Consumer,2024-09-08
50648,Midwest,Consumer,2025-04-11
50649,Midwest,SMB,2024-05-27
50650,South,SMB,2023-04-10
50651,Midwest,Consumer,2025-04-05
50652,South,Consumer,2024-02-22
50653,South,SMB,2024-09-16
50654,West,Consumer,2023-12-14
50655,Midwest,Consumer,2024-03-26
50656,West,Consumer,2024-03-22
50657,South,Consumer,2023-09-17
50658,Midwest,Consumer,2024-05-20
50659,South,Consumer,2024-10-31
50660,West,Consumer,2023-01-19
50661,Midwest,Consumer,2023-04-30
50662,West,Consumer,2025-02-07
50663,Northeast,Consumer,2024-06-03
50664,South,Consumer,2025-06-06
50665,West,Consumer,2024-07-05
50666,Northeast,Consumer,2024-08-18
50667,West,Consumer,2025-03-30
50668,Northeast,Consumer,2024-08-25
50669,South,SMB,2023-10-28
50670,South,Consumer,2024-04-26
50671,Midwest,SMB,2023-08-03
50672,Northeast,Consumer,2023-11-01
50673,Northeast,Consumer,2024-09-12
50674,Midwest,SMB,2023-05-16
50675,Midwest,SMB,2024-09-04
50676,Northeast,Consumer,2024-06-16
50677,Midwest,Consumer,2023-10-09
50678,Midwest,Consumer,2023-02-10
50679,South,Consumer,2024-10-04
50680,South,Consumer,2025-01-21
50681,South,SMB,2024-10-27
50682,Northeast,Consumer,2024-01-19
50683,West,Consumer,2024-08-19
50684,South,Consumer,2024-01-14
50685,Midwest,Consumer,2023-11-23
50686,Midwest,Consumer,2023-10-26
50687,South,Consumer,2023-07-12
50688,Midwest,Consumer,2025-06-03
50689,Northeast,Consumer,2024-08-30
50690,West,Consumer,2023-06-09
50691,Midwest,Consumer,2025-02-27
50692,Midwest,SMB,2023-05-18
50693,West,Consumer,2024-06-25
50694,South,Consumer,2023-05-31
50695,Midwest,Consumer,2023-11-26
50696,West,Consumer,2024-08-23
50697,West,Consumer,2025-06-30
50698,South,Consumer,2025-06-23
50699,South,Consumer,2025-03-27
50700,Midwest,SMB,2023-08-03
50701,Midwest,Consumer,2023-03-27
50702,South,Consumer,2025-04-05
50703,Northeast,Consumer,2025-04-21
50704,South,SMB,2023-09-12
50705,West,SMB,2023-01-18
50706,Midwest,Consumer,2024-08-13
50707,South,Consumer,2023-03-11
50708,Midwest,Consumer,2023-02-06
50709,West,SMB,2025-05-04
50710,Midwest,Consumer,2024-03-28
50711,South,Consumer,2023-04-13
50712,South,Consumer,2024-08-19
50713,Northeast,Consumer,2023-12-03
50714,South,SMB,2024-05-04
50715,South,Consumer,2025-03-30
50716,South,Consumer,2023-08-05
50717,South,Consumer,2024-08-12
50718,West,Consumer,2025-01-25
50719,Northeast,Consumer,2024-01-22
50720,Northeast,Consumer,2025-06-03
50721,Midwest,Consumer,2024-02-13
50722,South,Consumer,2024-02-23
50723,South,Consumer,2025-03-17
50724,Northeast,Consumer,2024-08-02
50725,Midwest,Consumer,2025-03-03
50726,West,Consumer,2024-12-21
50727,Northeast,Consumer,2024-10-11
50728,South,Consumer,2023-08-09
50729,Midwest,Consumer,2023-12-30
50730,West,Consumer,2025-02-27
50731,Midwest,Consumer,2024-07-15
50732,Midwest,Consumer,2023-09-13
50733,West,SMB,2023-10-26
50734,West,Consumer,2024-12-08
50735,Midwest,Consumer,2023-06-12
50736,Northeast,SMB,2023-04-13
50737,South,Consumer,2024-11-28
50738,West,Consumer,2023-09-21
50739,Northeast,Consumer,2024-11-29
50740,Northeast,Consumer,2024-05-01
50741,South,Consumer,2025-06-29
50742,South,Consumer,2024-04-23
50743,South,Consumer,2025-03-02
50744,South,Consumer,2025-02-14
50745,Midwest,Consumer,2023-07-13
50746,West,Consumer,2025-06-27
50747,West,Consumer,2024-11-11
50748,South,Consumer,2023-04-08
50749,Midwest,SMB,2023-01-06
50750,Midwest,Consumer,2023-09-05
50751,South,Consumer,2023-01-15
50752,Midwest,Consumer,2023-11-23
50753,West,Consumer,2025-06-27
50754,Northeast,Consumer,2024-03-12
50755,South,Consumer,2023-01-22
50756,West,Consumer,2024-03-26
50757,Northeast,Consumer,2023-07-19
50758,Northeast,Consumer,2025-02-19
50759,South,Consumer,2023-03-24
50760,South,Consumer,2024-12-03
50761,Northeast,Consumer,2024-02-11
50762,South,Consumer,2023-01-18
50763,West,Consumer,2024-09-05
50764,Northeast,Consumer,2024-02-19
50765,Midwest,Consumer,2024-12-04
50766,Northeast,Consumer,2024-07-17
50767,Northeast,Consumer,2024-12-18
50768,Midwest,SMB,2024-02-24
50769,Midwest,Consumer,2023-01-08
50770,South,Consumer,2023-04-30
50771,Northeast,Consumer,2024-02-23
50772,West,SMB,2023-12-29
50773,Midwest,Consumer,2024-12-25
50774,Midwest,Consumer,2024-01-11
50775,South,SMB,2025-02-23
50776,West,Consumer,2023-06-21
50777,Midwest,SMB,2023-12-18
50778,Midwest,Consumer,2024-11-20
50779,Midwest,Consumer,2023-04-24
50780,South,Consumer,2023-10-21
50781,Northeast,Consumer,2024-11-16
50782,Midwest,SMB,2024-06-21
50783,Midwest,Consumer,2024-12-10
50784,Northeast,SMB,2024-04-15
50785,West,Consumer,2025-02-22
50786,South,Consumer,2025-03-11
50787,Northeast,SMB,2025-06-07
50788,Midwest,Consumer,2023-04-22
50789,Midwest,SMB,2024-06-23
50790,Northeast,Consumer,2023-04-15
50791,South,Consumer,2023-07-28
50792,West,Consumer,2023-10-01
50793,West,Consumer,2024-08-12
50794,West,Consumer,2024-01-29
50795,West,Consumer,2025-02-27
50796,West,Consumer,2023-09-30
50797,Midwest,Consumer,2024-07-16
50798,Midwest,SMB,2024-11-27
50799,Northeast,Consumer,2025-06-13
50800,South,Consumer,2023-08-12
50801,Midwest,SMB,2024-10-31
50802,West,Consumer,2023-03-19
50803,South,Consumer,2024-05-10
50804,South,Consumer,2024-01-13
50805,Midwest,Consumer,2025-05-24
50806,Midwest,Consumer,2024-12-06
50807,Midwest,Consumer,2025-04-25
50808,West,Consumer,2025-02-14
50809,South,Consumer,2024-01-10
50810,South,Consumer,2024-10-30
50811,Northeast,Consumer,2023-01-28
50812,Northeast,Consumer,2024-05-23
50813,Northeast,Consumer,2023-02-13
50814,South,SMB,2024-10-22
50815,South,Consumer,2025-05-31
50816,Midwest,Consumer,2024-09-13
50817,West,Consumer,2025-02-05
50818,Midwest,Consumer,2023-08-02
50819,West,Consumer,2025-06-25
50820,Midwest,Consumer,2024-05-17
50821,Midwest,SMB,2024-09-07
50822,West,Consumer,2024-12-03
50823,Midwest,SMB,2024-08-06
50824,Northeast,Consumer,2023-10-17
50825,Northeast,Consumer,2024-07-11
50826,Midwest,Consumer,2024-08-19
50827,South,Consumer,2025-02-20
50828,West,Consumer,2024-03-15
50829,West,SMB,2024-04-02
50830,Northeast,SMB,2024-04-03
50831,South,Consumer,2023-04-15
50832,Midwest,Consumer,2023-03-24
50833,Midwest,Consumer,2023-01-19
50834,Midwest,SMB,2024-08-30
50835,West,Consumer,2024-01-17
50836,West,Consumer,2025-02-28
50837,South,Consumer,2024-10-02
50838,Northeast,Consumer,2023-05-09
50839,Northeast,Consumer,2023-04-02
50840,South,SMB,2023-11-30
50841,South,Consumer,2025-04-19
50842,Northeast,SMB,2023-02-14
50843,Midwest,Consumer,2023-06-20
50844,Midwest,Consumer,2023-01-28
50845,West,Consumer,2024-01-13
50846,Northeast,Consumer,2025-06-21
50847,West,Consumer,2024-09-15
50848,Midwest,Consumer,2024-03-26
50849,South,Consumer,2023-05-12
50850,Midwest,Consumer,2023-11-21
50851,Midwest,Consumer,2024-04-23
50852,Midwest,Consumer,2023-09-08
50853,Midwest,Consumer,2024-10-05
50854,West,SMB,2025-06-12
50855,Northeast,Consumer,2023-07-07
50856,South,SMB,2023-08-19
50857,Northeast,Consumer,2023-04-26
50858,Northeast,Consumer,2024-10-23
50859,South,Consumer,2024-02-26
50860,Midwest,SMB,2023-09-16
50861,West,Consumer,2023-07-19
50862,West,Consumer,2023-03-06
50863,South,Consumer,2024-03-10
50864,Northeast,Consumer,2024-09-15
50865,Midwest,Consumer,2023-08-03
50866,West,Consumer,2023-01-02
50867,Northeast,Consumer,2024-03-07
50868,Midwest,Consumer,2024-09-08
50869,Northeast,Consumer,2023-11-11
50870,South,Consumer,2023-08-17
50871,South,Consumer,2023-05-21
50872,South,SMB,2024-11-11
50873,South,Consumer,2025-02-24
50874,Midwest,Consumer,2024-12-03
50875,West,Consumer,2024-04-17
50876,Northeast,Consumer,2024-10-22
50877,South,Consumer,2023-12-28
50878,Midwest,Consumer,2023-01-23
50879,West,SMB,2023-12-02
50880,Northeast,Consumer,2024-10-03
50881,Midwest,SMB,2024-08-13
50882,Northeast,Consumer,2025-06-22
50883,Midwest,Consumer,2025-06-28
50884,Midwest,Consumer,2023-08-10
50885,South,Consumer,2023-01-09
50886,Northeast,Consumer,2023-09-08
50887,West,Consumer,2025-03-10
50888,Northeast,Consumer,2025-01-11
50889,South,Consumer,2023-04-01
50890,Northeast,Consumer,2023-05-27
50891,South,Consumer,2024-05-28
50892,South,SMB,2024-08-25
50893,Northeast,Consumer,2025-06-14
50894,West,Consumer,2024-11-19
50895,Northeast,Consumer,2023-07-13
50896,Midwest,Consumer,2023-02-03
50897,South,SMB,2024-07-31
50898,West,Consumer,2024-05-20
50899,Midwest,Consumer,2025-04-20
50900,Northeast,Consumer,2024-06-09
50901,West,Consumer,2024-04-02
50902,South,Consumer,2023-10-04
50903,West,Consumer,2023-03-20
50904,South,Consumer,2025-03-10
50905,South,Consumer,2025-01-23
50906,Northeast,Consumer,2023-05-29
50907,West,Consumer,2024-10-03
50908,Northeast,SMB,2023-11-29
50909,South,Consumer,2024-02-03
50910,Northeast,Consumer,2025-02-12
50911,South,Consumer,2025-02-06
50912,South,Consumer,2023-06-23
50913,Northeast,Consumer,2023-10-08
50914,West,Consumer,2025-01-19
50915,Northeast,SMB,2025-04-16
50916,South,Consumer,2023-03-14
50917,Northeast,Consumer,2025-01-30
50918,Northeast,Consumer,2024-03-22
50919,Northeast,Consumer,2024-06-22
50920,Midwest,Consumer,2023-03-10
50921,Midwest,Consumer,2024-09-12
50922,South,SMB,2024-09-10
50923,South,Consumer,2024-08-27
50924,South,Consumer,2024-12-22
50925,Midwest,Consumer,2025-05-12
50926,Northeast,SMB,2025-02-14
50927,Midwest,Consumer,2024-11-10
50928,South,Consumer,2025-06-13
50929,West,SMB,2024-09-07
50930,Midwest,Consumer,2024-09-04
50931,South,SMB,2024-05-09
50932,Midwest,Consumer,2024-12-02
50933,Midwest,Consumer,2023-03-07
50934,Midwest,Consumer,2024-04-06
50935,Northeast,Consumer,2024-01-23
50936,South,Consumer,2025-04-12
50937,West,Consumer,2023-03-08
50938,Midwest,Consumer,2024-08-10
50939,South,Consumer,2023-06-18
50940,South,Consumer,2025-03-16
50941,West,Consumer,2025-02-15
50942,South,Consumer,2023-08-03
50943,Midwest,Consumer,2025-03-05
50944,South,SMB,2024-03-29
50945,Northeast,Consumer,2025-06-04
50946,West,Consumer,2024-10-27
50947,Northeast,Consumer,2023-02-01
50948,South,Consumer,2023-07-04
50949,Midwest,Consumer,2024-01-04
50950,Northeast,Consumer,2023-07-12
50951,West,Consumer,2023-05-01
50952,South,SMB,2025-06-10
50953,Northeast,SMB,2025-03-03
50954,West,Consumer,2024-02-01
50955,West,SMB,2023-07-16
50956,Northeast,SMB,2023-06-15
50957,South,Consumer,2025-04-15
50958,Northeast,Consumer,2023-10-30
50959,South,Consumer,2023-01-12
50960,Northeast,Consumer,2023-12-29
50961,Midwest,Consumer,2024-02-19
50962,West,Consumer,2024-07-22
50963,West,Consumer,2023-11-05
50964,West,Consumer,2025-04-21
50965,West,Consumer,2024-08-09
50966,South,Consumer,2025-06-18
50967,South,Consumer,2023-12-01
50968,South,Consumer,2024-08-17
50969,Northeast,Consumer,2023-11-30
50970,Northeast,SMB,2024-09-30
50971,Midwest,SMB,2024-11-11
50972,South,SMB,2023-10-21
50973,Northeast,SMB,2025-05-05
50974,Midwest,SMB,2025-02-20
50975,South,Consumer,2025-03-26
50976,Northeast,Consumer,2023-07-18
50977,Midwest,Consumer,2024-10-16
50978,West,Consumer,2023-04-08
50979,West,Consumer,2023-04-07
50980,Midwest,Consumer,2025-06-06
50981,Midwest,SMB,2023-05-20
50982,Northeast,Consumer,2025-02-27
50983,South,SMB,2024-01-28
50984,West,Consumer,2023-10-04
50985,Midwest,Consumer,2023-03-09
50986,South,Consumer,2024-09-07
50987,Midwest,Consumer,2024-10-19
50988,Northeast,Consumer,2024-03-01
50989,West,Consumer,2025-01-08
50990,Midwest,SMB,2023-10-22
50991,Midwest,Consumer,2024-05-18
50992,Northeast,Consumer,2023-09-19
50993,South,Consumer,2024-06-14
50994,West,Consumer,2023-05-05
50995,West,Consumer,2024-03-10
50996,Midwest,Consumer,2024-05-15
50997,Midwest,Consumer,2024-05-22
50998,South,Consumer,2024-02-12
50999,Midwest,Consumer,2024-08-09
51000,West,Consumer,2024-04-12
51001,South,Consumer,2023-09-16
51002,Midwest,Consumer,2023-07-16
51003,West,Consumer,2024-08-13
51004,Midwest,Consumer,2025-05-06
51005,Northeast,Consumer,2024-11-17
51006,South,Consumer,2024-08-05
51007,Northeast,Consumer,2025-04-20
51008,South,Consumer,2025-03-31
51009,South,Consumer,2024-04-06
51010,West,SMB,2023-04-10
51011,West,Consumer,2024-08-01
51012,Northeast,SMB,2024-07-22
51013,Midwest,Consumer,2023-09-10
51014,South,Consumer,2025-02-13
51015,West,Consumer,2025-03-04
51016,Northeast,Consumer,2023-10-29
51017,Northeast,SMB,2024-03-10
51018,Northeast,Consumer,2023-06-27
51019,Midwest,Consumer,2023-06-12
51020,South,Consumer,2023-08-30
51021,Northeast,Consumer,2023-11-30
51022,South,Consumer,2023-09-06
51023,West,SMB,2023-05-19
51024,West,Consumer,2024-02-12
51025,Northeast,SMB,2024-07-22
51026,Northeast,Consumer,2023-10-25
51027,South,Consumer,2024-05-01
51028,West,Consumer,2023-09-05
51029,Northeast,SMB,2024-10-03
51030,West,Consumer,2024-08-14
51031,Midwest,Consumer,2025-05-25
51032,West,Consumer,2023-02-18
51033,Midwest,Consumer,2025-02-17
51034,Midwest,Consumer,2023-11-07
51035,South,Consumer,2023-03-02
51036,Midwest,Consumer,2024-09-21
51037,Midwest,Consumer,2023-06-06
51038,Midwest,Consumer,2023-06-10
51039,Northeast,SMB,2025-06-12
51040,South,Consumer,2023-07-21
51041,Midwest,SMB,2024-05-14
51042,South,SMB,2023-07-03
51043,West,Consumer,2023-04-24
51044,Midwest,Consumer,2023-01-01
51045,Midwest,Consumer,2023-01-15
51046,West,Consumer,2024-03-08
51047,West,Consumer,2024-01-31
51048,South,Consumer,2023-02-05
51049,West,Consumer,2023-11-15
51050,Midwest,Consumer,2023-09-06
51051,Northeast,SMB,2024-06-05
51052,South,Consumer,2025-06-26
51053,Midwest,Consumer,2024-09-22
51054,South,SMB,2025-04-17
51055,Northeast,Consumer,2023-06-25
51056,South,Consumer,2023-07-16
51057,Northeast,SMB,2024-11-15
51058,Northeast,Consumer,2023-10-10
51059,Midwest,Consumer,2025-02-13
51060,Midwest,Consumer,2024-02-27
51061,South,SMB,2023-07-03
51062,Midwest,Consumer,2025-02-09
51063,Midwest,Consumer,2024-05-17
51064,Midwest,Consumer,2025-01-02
51065,Midwest,Consumer,2024-02-17
51066,West,Consumer,2023-04-26
51067,Northeast,Consumer,2024-09-13
51068,West,SMB,2023-04-24
51069,Midwest,Consumer,2024-08-27
51070,South,Consumer,2024-01-16
51071,Northeast,Consumer,2024-12-22
51072,Northeast,Consumer,2025-03-04
51073,West,Consumer,2024-01-07
51074,West,Consumer,2025-03-15
51075,West,Consumer,2023-04-12
51076,Midwest,Consumer,2023-04-08
51077,Midwest,Consumer,2025-06-25
51078,South,Consumer,2024-06-07
51079,Northeast,Consumer,2024-02-16
51080,South,SMB,2023-05-22
51081,South,Consumer,2023-09-21
51082,South,SMB,2024-09-17
51083,West,SMB,2025-01-19
51084,South,Consumer,2025-04-15
51085,Midwest,SMB,2024-01-07
51086,Midwest,Consumer,2024-02-19
51087,South,Consumer,2023-05-29
51088,Northeast,Consumer,2023-03-17
51089,Midwest,Consumer,2024-02-04
51090,Northeast,Consumer,2024-06-12
51091,South,Consumer,2023-04-06
51092,West,Consumer,2024-01-08
51093,South,Consumer,2024-08-08
51094,Northeast,Consumer,2025-01-09
51095,Midwest,Consumer,2025-05-05
51096,South,Consumer,2023-11-07
51097,Northeast,Consumer,2023-12-24
51098,South,Consumer,2025-03-08
51099,South,Consumer,2024-09-24
51100,Midwest,Consumer,2023-09-07
51101,Midwest,Consumer,2024-09-16
51102,Midwest,SMB,2023-05-24
51103,West,Consumer,2024-02-14
51104,South,Consumer,2023-10-07
51105,Midwest,Consumer,2025-06-24
51106,West,SMB,2023-02-01
51107,Northeast,Consumer,2025-02-20
51108,Northeast,Consumer,2023-09-14
51109,West,Consumer,2023-02-03
51110,Midwest,Consumer,2024-08-25
51111,Midwest,Consumer,2024-09-10
51112,South,Consumer,2023-05-10
51113,Midwest,Consumer,2023-02-04
51114,South,Consumer,2023-04-12
51115,Midwest,Consumer,2024-01-08
51116,Midwest,Consumer,2023-05-01
51117,Midwest,SMB,2024-10-03
51118,Northeast,Consumer,2023-03-12
51119,Midwest,Consumer,2024-12-20
51120,Midwest,Consumer,2025-03-08
51121,West,SMB,2024-10-15
51122,Northeast,Consumer,2025-05-11
51123,Northeast,SMB,2025-05-06
51124,Midwest,Consumer,2023-02-12
51125,Northeast,Consumer,2023-11-08
51126,Midwest,Consumer,2024-11-24
51127,South,Consumer,2023-11-06
51128,Midwest,SMB,2024-11-03
51129,West,SMB,2024-12-07
51130,West,Consumer,2025-06-28
51131,Midwest,SMB,2023-10-28
51132,Midwest,Consumer,2023-11-14
51133,Midwest,Consumer,2023-01-23
51134,South,Consumer,2023-09-18
51135,Midwest,Consumer,2023-09-13
51136,West,SMB,2024-02-18
51137,South,Consumer,2024-01-20
51138,West,Consumer,2025-02-20
51139,South,Consumer,2024-12-06
51140,West,Consumer,2024-10-26
51141,Midwest,Consumer,2023-01-05
51142,Northeast,Consumer,2024-03-06
51143,Northeast,Consumer,2024-10-27
51144,West,Consumer,2023-08-12
51145,South,Consumer,2024-01-23
51146,West,Consumer,2024-10-25
51147,Midwest,Consumer,2024-12-25
51148,West,Consumer,2025-02-18
51149,Northeast,SMB,2024-01-27
51150,Northeast,Consumer,2023-12-31
51151,West,SMB,2023-12-16
51152,Northeast,Consumer,2024-09-01
51153,Northeast,Consumer,2024-01-18
51154,South,Consumer,2023-12-31
51155,Midwest,Consumer,2023-06-03
51156,Northeast,SMB,2024-03-12
51157,Midwest,Consumer,2023-08-05
51158,Midwest,Consumer,2024-04-23
51159,West,Consumer,2025-03-21
51160,South,Consumer,2024-12-08
51161,Northeast,Consumer,2024-03-11
51162,Northeast,Consumer,2025-06-10
51163,Northeast,Consumer,2025-06-12
51164,South,Consumer,2024-02-10
51165,West,Consumer,2024-11-27
51166,West,Consumer,2023-11-09
51167,Northeast,Consumer,2025-03-12
51168,Northeast,Consumer,2023-12-07
51169,Northeast,Consumer,2023-08-24
51170,South,Consumer,2023-05-03
51171,Northeast,Consumer,2025-02-07
51172,South,Consumer,2023-09-28
51173,South,Consumer,2025-01-11
51174,Northeast,Consumer,2023-03-20
51175,Northeast,Consumer,2024-04-01
51176,Northeast,SMB,2024-01-26
51177,Midwest,Consumer,2024-02-05
51178,Midwest,Consumer,2023-06-02
51179,South,Consumer,2023-03-09
51180,Northeast,Consumer,2023-11-12
51181,Midwest,SMB,2024-03-04
51182,South,Consumer,2024-12-24
51183,South,Consumer,2024-02-26
51184,Midwest,SMB,2023-08-13
51185,West,Consumer,2023-08-28
51186,West,Consumer,2024-07-12
51187,South,Consumer,2024-02-02
51188,South,Consumer,2025-04-01
51189,Midwest,Consumer,2024-02-06
51190,West,Consumer,2024-06-01
51191,Northeast,SMB,2023-02-28
51192,West,SMB,2023-06-26
51193,South,Consumer,2025-02-14
51194,Midwest,Consumer,2023-11-11
51195,Midwest,Consumer,2024-01-19
51196,South,Consumer,2024-06-22
51197,South,Consumer,2023-02-22
51198,Midwest,Consumer,2024-04-07
51199,South,Consumer,2023-11-12
51200,West,Consumer,2023-05-16
51201,Northeast,Consumer,2024-01-17
51202,Northeast,Consumer,2024-02-12
51203,Midwest,Consumer,2023-06-19
51204,South,SMB,2024-05-10
51205,Northeast,Consumer,2024-11-11
51206,West,SMB,2023-09-01
51207,Northeast,Consumer,2025-05-31
51208,South,SMB,2024-07-12
51209,Midwest,Consumer,2024-12-06
51210,Midwest,Consumer,2023-03-05
51211,South,SMB,2024-11-30
51212,Northeast,Consumer,2023-11-03
51213,South,Consumer,2024-10-09
51214,West,Consumer,2025-01-03
51215,West,Consumer,2023-08-17
51216,West,Consumer,2023-08-25
51217,Midwest,Consumer,2023-02-24
51218,South,SMB,2024-07-05
51219,West,Consumer,2024-12-06
51220,Northeast,Consumer,2024-01-09
51221,Midwest,Consumer,2023-05-27
51222,West,SMB,2023-10-16
51223,Northeast,Consumer,2024-01-03
51224,South,Consumer,2025-04-15
51225,West,Consumer,2023-04-24
51226,South,Consumer,2023-11-10
51227,Northeast,Consumer,2024-08-04
51228,Northeast,Consumer,2023-08-04
51229,Northeast,Consumer,2025-03-17
51230,Midwest,Consumer,2025-04-09
51231,South,Consumer,2023-12-13
51232,West,Consumer,2024-11-11
51233,Northeast,Consumer,2024-11-20
51234,Northeast,Consumer,2024-09-13
51235,West,Consumer,2023-06-20
51236,Midwest,Consumer,2023-02-15
51237,South,Consumer,2023-11-13
51238,Northeast,Consumer,2023-04-30
51239,South,Consumer,2023-09-24
51240,Midwest,Consumer,2024-08-05
51241,South,Consumer,2024-06-20
51242,Northeast,Consumer,2023-07-11
51243,South,Consumer,2023-01-17
51244,Midwest,Consumer,2023-07-25
51245,Northeast,Consumer,2024-02-19
51246,South,Consumer,2024-12-11
51247,Midwest,Consumer,2023-11-30
51248,Midwest,Consumer,2023-09-18
51249,Midwest,Consumer,2024-05-17
51250,Northeast,Consumer,2023-03-07
51251,Midwest,SMB,2023-07-25
51252,West,Consumer,2023-02-03
51253,Northeast,SMB,2024-04-24
51254,West,Consumer,2024-02-09
51255,West,Consumer,2024-06-15
51256,Midwest,Consumer,2024-07-16
51257,South,Consumer,2023-12-27
51258,West,SMB,2025-03-03
51259,South,Consumer,2025-04-17
51260,Northeast,SMB,2023-04-12
51261,Northeast,Consumer,2025-04-19
51262,Midwest,SMB,2023-06-29
51263,South,SMB,2023-08-15
51264,West,Consumer,2024-04-28
51265,West,Consumer,2023-01-27
51266,Midwest,Consumer,2023-11-29
51267,South,Consumer,2023-06-27
51268,Northeast,SMB,2024-03-16
51269,West,Consumer,2025-01-12
51270,Midwest,Consumer,2025-04-22
51271,West,Consumer,2023-07-13
51272,West,Consumer,2024-05-11
51273,Midwest,SMB,2024-03-08
51274,Midwest,Consumer,2024-01-14
51275,West,Consumer,2024-07-31
51276,Midwest,SMB,2025-06-21
51277,South,Consumer,2024-01-05
51278,West,Consumer,2023-03-01
51279,South,Consumer,2025-04-15
51280,Northeast,Consumer,2025-04-30
51281,Northeast,Consumer,2023-10-21
51282,Midwest,SMB,2024-04-02
51283,West,Consumer,2025-02-25
51284,Northeast,SMB,2024-04-04
51285,Midwest,SMB,2024-03-14
51286,Northeast,SMB,2025-04-20
51287,West,Consumer,2025-01-25
51288,Midwest,Consumer,2024-04-07
51289,West,Consumer,2023-05-28
51290,South,Consumer,2024-02-04
51291,West,Consumer,2024-09-08
51292,West,Consumer,2023-09-06
51293,West,Consumer,2024-05-04
51294,West,Consumer,2024-08-23
51295,Midwest,Consumer,2023-03-19
51296,South,Consumer,2024-06-03
51297,South,Consumer,2024-11-03
51298,South,Consumer,2023-07-15
51299,West,Consumer,2024-05-15
51300,West,SMB,2024-10-08
51301,South,SMB,2023-02-10
51302,Northeast,Consumer,2024-08-10
51303,Northeast,Consumer,2023-08-25
51304,Northeast,Consumer,2023-12-29
51305,Northeast,Consumer,2024-08-13
51306,Northeast,Consumer,2023-01-05
51307,Midwest,Consumer,2023-01-16
51308,Midwest,SMB,2024-02-12
51309,South,SMB,2025-05-16
51310,Northeast,SMB,2023-01-06
51311,West,Consumer,2024-12-20
51312,South,Consumer,2023-03-10
51313,Midwest,SMB,2024-03-21
51314,Midwest,Consumer,2024-01-28
51315,Midwest,Consumer,2024-03-02
51316,West,Consumer,2023-03-16
51317,Midwest,Consumer,2024-11-18
51318,Northeast,Consumer,2023-09-09
51319,West,Consumer,2024-12-04
51320,West,Consumer,2024-08-20
51321,Midwest,Consumer,2024-05-17
51322,Midwest,Consumer,2023-10-09
51323,Midwest,Consumer,2024-08-17
51324,Midwest,Consumer,2025-06-28
51325,Midwest,SMB,2025-04-21
51326,South,Consumer,2025-04-15
51327,West,Consumer,2023-07-20
51328,South,Consumer,2024-06-17
51329,South,Consumer,2023-12-29
51330,Midwest,SMB,2025-05-31
51331,West,Consumer,2025-05-16
51332,South,Consumer,2025-03-02
51333,West,Consumer,2023-05-29
51334,West,Consumer,2023-10-18
51335,Northeast,SMB,2024-10-10
51336,Midwest,Consumer,2024-11-14
51337,Midwest,SMB,2023-11-16
51338,Northeast,SMB,2023-05-05
51339,West,Consumer,2023-05-05
51340,Northeast,Consumer,2024-09-16
51341,South,Consumer,2024-02-19
51342,South,Consumer,2024-03-23
51343,Midwest,Consumer,2025-01-13
51344,Northeast,Consumer,2023-01-16
51345,South,Consumer,2024-11-19
51346,South,Consumer,2023-09-08
51347,Northeast,Consumer,2025-04-29
51348,Midwest,Consumer,2025-05-21
51349,South,Consumer,2024-04-02
51350,Midwest,SMB,2023-10-16
51351,West,Consumer,2023-08-01
51352,Midwest,Consumer,2023-06-15
51353,Midwest,Consumer,2025-06-30
51354,Northeast,Consumer,2023-06-21
51355,Northeast,Consumer,2024-02-12
51356,Northeast,Consumer,2024-03-13
51357,Northeast,SMB,2024-09-11
51358,West,SMB,2025-02-07
51359,Northeast,SMB,2024-05-23
51360,Northeast,Consumer,2024-11-22
51361,Northeast,Consumer,2024-05-31
51362,Midwest,Consumer,2024-02-03
51363,South,SMB,2023-05-24
51364,Midwest,Consumer,2023-07-10
51365,South,Consumer,2024-01-30
51366,Midwest,Consumer,2023-02-12
51367,West,Consumer,2023-10-16
51368,Northeast,Consumer,2024-02-26
51369,West,Consumer,2024-03-07
51370,Northeast,Consumer,2025-01-13
51371,Midwest,Consumer,2025-06-01
51372,West,Consumer,2024-10-27
51373,South,SMB,2023-03-14
51374,South,Consumer,2024-01-08
51375,Northeast,Consumer,2024-10-27
51376,South,SMB,2024-06-26
51377,West,Consumer,2024-02-22
51378,South,Consumer,2024-02-02
51379,Northeast,Consumer,2024-01-06
51380,South,SMB,2024-06-12
51381,South,Consumer,2023-06-13
51382,West,Consumer,2024-04-16
51383,Northeast,Consumer,2023-07-07
51384,Northeast,Consumer,2024-09-13
51385,West,Consumer,2025-02-27
51386,Northeast,Consumer,2024-04-08
51387,South,Consumer,2023-12-20
51388,Northeast,SMB,2025-05-07
51389,Midwest,Consumer,2024-08-24
51390,South,Consumer,2024-01-26
51391,Midwest,SMB,2023-01-27
51392,Midwest,Consumer,2023-01-15
51393,South,SMB,2023-07-21
51394,South,SMB,2023-08-04
51395,West,SMB,2024-10-19
51396,Midwest,Consumer,2024-04-01
51397,Midwest,Consumer,2025-06-30
51398,West,Consumer,2024-05-08
51399,Midwest,Consumer,2025-04-03
51400,Midwest,Consumer,2024-05-18
51401,Northeast,Consumer,2023-11-23
51402,South,SMB,2024-10-13
51403,West,Consumer,2024-02-14
51404,South,Consumer,2023-09-08
51405,South,Consumer,2024-03-07
51406,Midwest,Consumer,2024-08-29
51407,Northeast,Consumer,2023-12-09
51408,Northeast,Consumer,2024-10-04
51409,Midwest,SMB,2025-06-13
51410,Midwest,Consumer,2024-01-11
51411,Northeast,Consumer,2023-09-27
51412,Midwest,Consumer,2024-01-02
51413,South,Consumer,2025-02-03
51414,South,Consumer,2023-06-13
51415,Midwest,Consumer,2025-06-06
51416,Northeast,Consumer,2024-01-13
51417,South,Consumer,2025-02-06
51418,South,Consumer,2024-12-18
51419,West,Consumer,2024-12-15
51420,Northeast,Consumer,2025-04-08
51421,West,SMB,2023-06-18
51422,Midwest,Consumer,2024-06-25
51423,Northeast,SMB,2023-04-01
51424,Midwest,Consumer,2023-10-01
51425,Northeast,Consumer,2023-02-07
51426,Northeast,Consumer,2024-09-14
51427,Midwest,Consumer,2024-07-08
51428,South,SMB,2024-11-06
51429,Northeast,Consumer,2023-06-10
51430,Midwest,SMB,2023-10-30
51431,Midwest,SMB,2024-09-08
51432,Northeast,Consumer,2025-01-23
51433,Northeast,Consumer,2025-03-18
51434,Northeast,Consumer,2023-03-09
51435,Midwest,Consumer,2024-01-03
51436,South,Consumer,2023-01-10
51437,West,Consumer,2025-01-16
51438,Northeast,SMB,2023-04-23
51439,South,Consumer,2025-01-19
51440,West,Consumer,2023-05-23
51441,West,Consumer,2023-01-15
51442,South,Consumer,2025-03-12
51443,West,SMB,2024-02-05
51444,West,Consumer,2024-01-23
51445,South,SMB,2024-08-12
51446,Northeast,SMB,2023-09-08
51447,Midwest,SMB,2024-09-22
51448,Midwest,Consumer,2024-01-27
51449,Northeast,SMB,2023-09-06
51450,Northeast,Consumer,2023-12-27
51451,Northeast,Consumer,2023-01-06
51452,South,Consumer,2023-10-02
51453,South,Consumer,2024-06-23
51454,West,Consumer,2023-05-06
51455,Midwest,Consumer,2023-04-19
51456,Midwest,Consumer,2024-08-21
51457,South,SMB,2024-01-26
51458,West,Consumer,2023-05-05
51459,West,Consumer,2024-11-13
51460,West,Consumer,2024-12-08
51461,West,Consumer,2023-02-01
51462,Northeast,Consumer,2023-07-03
51463,Northeast,Consumer,2023-12-04
51464,Midwest,Consumer,2024-10-29
51465,South,SMB,2023-03-09
51466,West,SMB,2025-01-04
51467,Northeast,Consumer,2023-10-19
51468,South,Consumer,2023-04-25
51469,Northeast,Consumer,2025-02-26
51470,Midwest,Consumer,2023-03-21
51471,Midwest,SMB,2023-04-29
51472,Midwest,Consumer,2025-05-16
51473,West,SMB,2024-04-18
51474,Northeast,Consumer,2024-02-27
51475,West,Consumer,2024-09-18
51476,South,SMB,2024-07-28
51477,Midwest,SMB,2024-07-13
51478,Midwest,SMB,2023-01-22
51479,West,SMB,2024-05-18
51480,Midwest,Consumer,2023-09-12
51481,West,Consumer,2025-01-06
51482,Midwest,Consumer,2024-04-05
51483,South,Consumer,2023-04-23
51484,West,Consumer,2025-03-19
51485,Midwest,SMB,2023-09-17
51486,Midwest,Consumer,2023-09-05
51487,West,Consumer,2025-05-03
51488,Midwest,Consumer,2024-12-07
51489,Northeast,Consumer,2025-02-22
51490,Northeast,Consumer,2024-08-26
51491,Midwest,Consumer,2025-04-10
51492,South,Consumer,2023-04-16
51493,South,Consumer,2024-07-01
51494,Northeast,SMB,2023-09-25
51495,West,Consumer,2023-12-30
51496,Midwest,Consumer,2023-08-05
51497,Midwest,Consumer,2023-07-06
51498,South,Consumer,2024-02-08
51499,West,Consumer,2025-04-17
51500,Midwest,SMB,2024-08-02
51501,Midwest,Consumer,2023-11-15
51502,Northeast,Consumer,2024-01-31
51503,West,Consumer,2024-04-28
51504,Midwest,SMB,2023-08-12
51505,Northeast,Consumer,2024-04-20
51506,South,Consumer,2024-09-26
51507,Northeast,SMB,2023-08-10
51508,Midwest,Consumer,2024-06-17
51509,Midwest,Consumer,2024-10-08
51510,Northeast,Consumer,2024-04-18
51511,Northeast,Consumer,2023-09-24
51512,West,SMB,2024-05-20
51513,South,Consumer,2024-12-24
51514,South,Consumer,2023-07-22
51515,West,Consumer,2024-06-08
51516,Northeast,Consumer,2024-09-12
51517,Northeast,SMB,2023-10-21
51518,West,Consumer,2023-12-20
51519,Midwest,SMB,2025-03-21
51520,South,Consumer,2023-11-28
51521,South,Consumer,2024-06-29
51522,Midwest,Consumer,2023-05-17
51523,Northeast,SMB,2025-04-24
51524,Midwest,Consumer,2024-06-28
51525,Midwest,Consumer,2024-11-24
51526,Northeast,Consumer,2024-07-03
51527,Northeast,Consumer,2023-11-21
51528,South,Consumer,2023-11-07
51529,West,Consumer,2024-10-01
51530,West,SMB,2025-02-23
51531,Midwest,Consumer,2023-04-27
51532,Midwest,Consumer,2025-02-10
51533,Midwest,Consumer,2025-01-26
51534,Midwest,Consumer,2023-04-10
51535,West,Consumer,2023-04-09
51536,Northeast,Consumer,2024-09-25
51537,Midwest,Consumer,2025-02-07
51538,West,Consumer,2023-12-26
51539,Northeast,SMB,2024-08-07
51540,Midwest,Consumer,2025-06-30
51541,Midwest,Consumer,2023-10-22
51542,South,SMB,2023-07-25
51543,South,SMB,2025-06-23
51544,Midwest,Consumer,2023-09-13
51545,West,Consumer,2024-03-07
51546,West,Consumer,2024-02-08
51547,West,Consumer,2024-04-22
51548,Midwest,Consumer,2023-09-03
51549,Midwest,Consumer,2024-09-11
51550,West,Consumer,2024-09-23
51551,Northeast,Consumer,2023-07-02
51552,South,Consumer,2024-03-14
51553,South,Consumer,2023-02-22
51554,Midwest,Consumer,2023-07-21
51555,South,Consumer,2025-06-19
51556,West,SMB,2024-04-06
51557,South,Consumer,2024-07-21
51558,Northeast,Consumer,2025-03-21
51559,West,Consumer,2024-10-12
51560,South,Consumer,2024-12-23
51561,South,Consumer,2024-10-11
51562,West,Consumer,2024-03-30
51563,South,Consumer,2024-07-30
51564,Northeast,Consumer,2023-09-21
51565,Midwest,Consumer,2025-03-23
51566,Midwest,Consumer,2023-06-14
51567,Northeast,Consumer,2025-03-17
51568,Northeast,SMB,2025-03-12
51569,South,Consumer,2023-05-10
51570,Northeast,Consumer,2024-10-09
51571,South,Consumer,2025-06-21
51572,West,Consumer,2024-06-05
51573,Midwest,Consumer,2023-11-07
51574,South,Consumer,2025-03-13
51575,South,Consumer,2024-04-12
51576,South,Consumer,2023-04-21
51577,Midwest,Consumer,2023-08-16
51578,South,Consumer,2024-09-14
51579,West,Consumer,2024-02-20
51580,South,Consumer,2023-07-17
51581,West,SMB,2024-12-29
51582,West,Consumer,2023-04-20
51583,Northeast,Consumer,2023-07-19
51584,South,Consumer,2024-02-29
51585,Northeast,Consumer,2023-02-06
51586,West,Consumer,2023-12-20
51587,Midwest,Consumer,2025-04-09
51588,Northeast,Consumer,2025-05-08
51589,West,Consumer,2025-03-06
51590,Northeast,Consumer,2023-10-23
51591,South,SMB,2023-03-01
51592,Northeast,Consumer,2025-01-13
51593,West,SMB,2023-12-07
51594,West,Consumer,2024-11-13
51595,Northeast,SMB,2023-04-19
51596,South,SMB,2024-09-01
51597,Northeast,Consumer,2024-06-18
51598,South,SMB,2025-04-19
51599,South,SMB,2023-04-03
51600,West,Consumer,2024-01-08
51601,Midwest,Consumer,2025-06-21
51602,Midwest,Consumer,2023-12-22
51603,South,SMB,2024-08-23
51604,South,Consumer,2023-05-27
51605,Northeast,SMB,2024-10-26
51606,Midwest,Consumer,2023-09-09
51607,Northeast,SMB,2024-06-05
51608,West,Consumer,2025-03-13
51609,Midwest,Consumer,2024-08-25
51610,Northeast,Consumer,2024-03-08
51611,West,SMB,2023-06-23
51612,Midwest,SMB,2023-11-08
51613,South,Consumer,2025-02-13
51614,Midwest,Consumer,2023-07-17
51615,West,Consumer,2024-08-21
51616,South,SMB,2024-03-18
51617,West,Consumer,2023-10-20
51618,Midwest,Consumer,2024-10-15
51619,South,Consumer,2023-11-27
51620,South,Consumer,2023-09-19
51621,Midwest,Consumer,2024-04-27
51622,Midwest,Consumer,2024-11-22
51623,Midwest,SMB,2025-02-27
51624,West,Consumer,2024-07-28
51625,South,Consumer,2024-08-26
51626,South,Consumer,2024-12-19
51627,South,Consumer,2023-09-03
51628,South,SMB,2023-08-17
51629,Northeast,Consumer,2024-03-17
51630,Northeast,Consumer,2024-07-29
51631,South,Consumer,2024-08-12
51632,Midwest,Consumer,2023-05-21
51633,West,Consumer,2024-12-12
51634,West,Consumer,2023-11-28
51635,Northeast,Consumer,2025-03-11
51636,South,Consumer,2024-10-22
51637,Midwest,Consumer,2025-06-15
51638,West,Consumer,2024-07-30
51639,West,SMB,2024-04-26
51640,West,Consumer,2023-06-21
51641,Northeast,SMB,2023-12-30
51642,Midwest,Consumer,2025-02-21
51643,Midwest,Consumer,2023-12-15
51644,Midwest,Consumer,2023-02-18
51645,Midwest,Consumer,2023-08-12
51646,Midwest,Consumer,2024-06-26
51647,West,Consumer,2024-07-27
51648,Midwest,Consumer,2025-06-16
51649,Midwest,Consumer,2025-05-01
51650,West,Consumer,2024-04-29
51651,South,SMB,2024-05-20
51652,South,SMB,2024-12-31
51653,South,Consumer,2023-02-14
51654,West,SMB,2024-06-26
51655,South,Consumer,2024-03-08
51656,South,Consumer,2024-12-15
51657,South,Consumer,2024-12-30
51658,Northeast,Consumer,2024-08-20
51659,Northeast,Consumer,2024-08-22
51660,Northeast,SMB,2024-09-22
51661,Midwest,Consumer,2024-06-13
51662,South,SMB,2023-07-27
51663,Midwest,SMB,2023-09-17
51664,Midwest,Consumer,2024-11-07
51665,Midwest,Consumer,2024-07-17
51666,West,SMB,2023-08-05
51667,Northeast,SMB,2025-03-11
51668,South,Consumer,2025-06-13
51669,West,Consumer,2024-07-24
51670,Midwest,Consumer,2023-07-27
51671,South,Consumer,2025-05-05
51672,Northeast,Consumer,2023-08-04
51673,Midwest,Consumer,2024-01-30
51674,South,Consumer,2025-02-22
51675,West,Consumer,2024-04-19
51676,Northeast,Consumer,2023-08-10
51677,South,Consumer,2023-03-15
51678,Northeast,Consumer,2023-11-26
51679,South,Consumer,2024-09-04
51680,South,Consumer,2024-10-13
51681,South,Consumer,2023-07-23
51682,South,Consumer,2023-05-25
51683,Midwest,Consumer,2024-10-01
51684,South,Consumer,2023-05-26
51685,South,Consumer,2023-02-28
51686,South,Consumer,2024-03-19
51687,Midwest,Consumer,2024-06-04
51688,Northeast,Consumer,2023-08-11
51689,Northeast,SMB,2023-07-12
51690,Midwest,Consumer,2023-08-03
51691,Midwest,Consumer,2023-11-09
51692,Northeast,Consumer,2023-01-09
51693,South,Consumer,2023-01-11
51694,Midwest,Consumer,2023-12-04
51695,West,Consumer,2023-01-19
51696,South,Consumer,2023-10-18
51697,South,Consumer,2024-06-13
51698,Northeast,Consumer,2023-01-29
51699,Northeast,Consumer,2024-07-17
51700,South,SMB,2024-07-20
51701,West,Consumer,2024-06-06
51702,Northeast,Consumer,2024-07-25
51703,South,Consumer,2025-01-08
51704,South,Consumer,2023-03-06
51705,South,Consumer,2023-06-03
51706,Midwest,Consumer,2023-10-17
51707,Northeast,Consumer,2024-09-19
51708,Northeast,Consumer,2025-03-06
51709,West,SMB,2025-04-17
51710,Northeast,Consumer,2024-06-14
51711,Northeast,Consumer,2024-01-10
51712,West,Consumer,2024-01-11
51713,Northeast,Consumer,2023-02-24
51714,Midwest,Consumer,2024-02-29
51715,Midwest,Consumer,2024-04-12
51716,Midwest,Consumer,2023-07-09
51717,Midwest,Consumer,2024-12-01
51718,Northeast,Consumer,2025-01-10
51719,South,Consumer,2023-10-03
51720,South,Consumer,2025-04-13
51721,Midwest,Consumer,2023-04-08
51722,South,Consumer,2025-04-10
51723,Midwest,Consumer,2024-12-01
51724,West,Consumer,2023-07-24
51725,Midwest,SMB,2024-08-15
51726,South,Consumer,2023-10-11
51727,Northeast,Consumer,2024-12-30
51728,South,Consumer,2023-05-27
51729,Northeast,Consumer,2023-08-12
51730,South,Consumer,2023-10-08
51731,Midwest,Consumer,2023-07-02
51732,West,Consumer,2023-10-31
51733,Northeast,Consumer,2024-07-03
51734,South,Consumer,2024-07-31
51735,West,Consumer,2024-05-20
51736,West,Consumer,2023-06-22
51737,Midwest,SMB,2023-07-04
51738,Northeast,Consumer,2025-04-18
51739,Midwest,Consumer,2023-08-18
51740,Midwest,Consumer,2023-04-05
51741,South,Consumer,2024-02-19
51742,West,Consumer,2023-01-07
51743,West,Consumer,2023-11-09
51744,South,Consumer,2025-02-18
51745,South,SMB,2023-09-01
51746,West,Consumer,2024-10-03
51747,West,Consumer,2024-03-22
51748,Midwest,Consumer,2023-11-21
51749,South,Consumer,2024-08-26
51750,West,Consumer,2024-06-27
51751,Northeast,Consumer,2023-10-18
51752,Northeast,Consumer,2023-07-23
51753,West,Consumer,2025-04-16
51754,West,Consumer,2023-06-03
51755,West,SMB,2025-05-25
51756,South,Consumer,2024-03-05
51757,Midwest,Consumer,2025-06-28
51758,Northeast,SMB,2023-11-19
51759,South,Consumer,2024-05-30
51760,South,Consumer,2024-07-15
51761,Northeast,Consumer,2023-11-05
51762,South,SMB,2023-07-18
51763,Northeast,Consumer,2024-04-19
51764,South,Consumer,2024-08-27
51765,Northeast,SMB,2023-08-27
51766,Northeast,Consumer,2024-11-30
51767,Midwest,SMB,2024-08-05
51768,Midwest,SMB,2023-06-01
51769,West,SMB,2025-05-06
51770,Northeast,Consumer,2023-02-09
51771,Midwest,Consumer,2024-08-19
51772,South,Consumer,2024-02-05
51773,South,Consumer,2024-08-19
51774,Midwest,Consumer,2024-12-06
51775,Northeast,SMB,2024-09-18
51776,Midwest,Consumer,2024-08-16
51777,South,Consumer,2025-02-05
51778,Midwest,Consumer,2024-10-02
51779,Midwest,Consumer,2025-01-12
51780,Midwest,Consumer,2024-01-03
51781,South,Consumer,2023-07-04
51782,Midwest,SMB,2023-08-03
51783,West,Consumer,2024-07-12
51784,Midwest,Consumer,2024-04-29
51785,South,Consumer,2023-03-12
51786,Northeast,Consumer,2023-07-06
51787,Northeast,SMB,2025-06-01
51788,Midwest,SMB,2024-10-24
51789,West,Consumer,2024-11-19
51790,West,SMB,2023-06-29
51791,Midwest,Consumer,2023-02-28
51792,Midwest,Consumer,2023-09-23
51793,West,SMB,2025-02-20
51794,South,Consumer,2024-04-06
51795,Midwest,Consumer,2024-12-16
51796,Midwest,Consumer,2024-03-19
51797,South,Consumer,2024-03-23
51798,South,Consumer,2024-07-01
51799,South,Consumer,2025-05-24
51800,West,Consumer,2024-02-03
51801,Northeast,Consumer,2024-06-27
51802,Northeast,SMB,2025-04-18
51803,Northeast,Consumer,2023-12-06
51804,Northeast,SMB,2025-02-05
51805,Midwest,Consumer,2024-05-02
51806,Midwest,Consumer,2025-03-12
51807,Northeast,Consumer,2024-03-02
51808,South,SMB,2024-07-28
51809,Midwest,Consumer,2023-10-22
51810,Northeast,SMB,2024-08-02
51811,South,Consumer,2023-10-25
51812,South,Consumer,2024-07-09
51813,South,Consumer,2024-12-20
51814,West,Consumer,2024-02-01
51815,South,Consumer,2024-01-27
51816,Midwest,Consumer,2023-10-21
51817,Northeast,Consumer,2024-10-28
51818,South,Consumer,2024-06-23
51819,Midwest,Consumer,2024-04-15
51820,Midwest,Consumer,2023-01-24
51821,Midwest,Consumer,2023-04-11
51822,Northeast,Consumer,2023-01-07
51823,Northeast,Consumer,2025-02-14
51824,Midwest,Consumer,2025-02-15
51825,West,Consumer,2023-03-03
51826,West,SMB,2023-02-12
51827,Midwest,Consumer,2024-12-13
51828,West,Consumer,2024-04-23
51829,Midwest,SMB,2023-10-09
51830,West,Consumer,2024-07-14
51831,West,Consumer,2023-08-04
51832,Midwest,SMB,2023-06-30
51833,South,SMB,2023-12-02
51834,West,Consumer,2025-03-27
51835,West,Consumer,2024-11-30
51836,West,Consumer,2023-06-23
51837,South,SMB,2024-05-27
51838,Midwest,SMB,2025-03-17
51839,West,Consumer,2025-05-17
51840,South,Consumer,2024-11-26
51841,South,Consumer,2023-04-28
51842,Northeast,Consumer,2023-08-08
51843,South,Consumer,2023-07-19
51844,Midwest,Consumer,2023-05-18
51845,South,Consumer,2023-06-09
51846,Midwest,Consumer,2023-10-16
51847,South,Consumer,2024-05-21
51848,West,Consumer,2023-12-29
51849,Northeast,Consumer,2024-01-19
51850,Northeast,Consumer,2023-08-13
51851,Northeast,SMB,2023-05-18
51852,West,Consumer,2025-06-29
51853,South,Consumer,2024-06-30
51854,Northeast,Consumer,2023-07-29
51855,Midwest,Consumer,2025-01-08
51856,Midwest,Consumer,2025-01-27
51857,Northeast,Consumer,2025-05-31
51858,West,Consumer,2023-05-26
51859,South,Consumer,2024-08-06
51860,Midwest,Consumer,2025-06-12
51861,West,Consumer,2025-01-05
51862,Northeast,Consumer,2023-07-25
51863,West,Consumer,2025-03-25
51864,Midwest,Consumer,2024-01-20
51865,South,Consumer,2024-03-21
51866,West,Consumer,2024-05-24
51867,Midwest,Consumer,2024-12-04
51868,South,Consumer,2023-04-20
51869,West,SMB,2024-05-06
51870,Midwest,SMB,2025-01-14
51871,Midwest,SMB,2024-05-15
51872,South,Consumer,2023-09-08
51873,Northeast,Consumer,2023-02-21
51874,Midwest,Consumer,2024-05-15
51875,Northeast,Consumer,2024-10-03
51876,South,Consumer,2024-05-16
51877,Northeast,Consumer,2025-06-12
51878,Northeast,Consumer,2024-07-03
51879,West,Consumer,2024-04-08
51880,South,Consumer,2023-02-20
51881,West,Consumer,2024-05-24
51882,Northeast,Consumer,2023-06-03
51883,West,SMB,2024-10-22
51884,South,Consumer,2023-05-28
51885,Midwest,Consumer,2025-04-06
51886,West,Consumer,2023-10-03
51887,Northeast,Consumer,2024-01-31
51888,Midwest,Consumer,2023-05-13
51889,Midwest,Consumer,2023-07-12
51890,South,Consumer,2025-04-20
51891,Midwest,Consumer,2023-09-16
51892,Northeast,Consumer,2024-04-12
51893,Midwest,SMB,2025-06-14
51894,Northeast,Consumer,2024-07-22
51895,Northeast,Consumer,2023-02-07
51896,South,Consumer,2023-11-23
51897,Midwest,Consumer,2023-12-19
51898,Midwest,Consumer,2023-09-09
51899,South,Consumer,2023-08-08
51900,Northeast,Consumer,2024-04-03
51901,South,Consumer,2023-12-10
51902,Midwest,Consumer,2023-09-26
51903,Midwest,Consumer,2024-01-12
51904,Midwest,SMB,2023-11-10
51905,Northeast,Consumer,2023-07-28
51906,Northeast,SMB,2024-02-17
51907,West,Consumer,2025-05-09
51908,Northeast,Consumer,2024-04-06
51909,South,Consumer,2024-06-28
51910,South,SMB,2025-06-16
51911,Midwest,Consumer,2024-07-13
51912,Northeast,Consumer,2023-07-23
51913,Northeast,Consumer,2023-12-30
51914,Northeast,Consumer,2024-03-21
51915,Midwest,Consumer,2024-03-09
51916,South,Consumer,2023-05-17
51917,West,Consumer,2023-04-07
51918,Midwest,SMB,2023-11-16
51919,South,Consumer,2025-04-13
51920,South,SMB,2024-10-16
51921,Northeast,Consumer,2025-02-06
51922,South,Consumer,2023-06-09
51923,South,Consumer,2024-01-13
51924,West,SMB,2024-06-14
51925,West,Consumer,2024-02-01
51926,Midwest,Consumer,2024-01-16
51927,Northeast,Consumer,2023-11-25
51928,South,Consumer,2023-02-17
51929,Midwest,Consumer,2025-02-20
51930,Northeast,Consumer,2025-04-30
51931,West,SMB,2023-03-15
51932,Midwest,Consumer,2024-01-13
51933,Northeast,Consumer,2024-04-17
51934,West,Consumer,2024-12-15
51935,Northeast,SMB,2025-06-18
51936,Northeast,SMB,2024-01-15
51937,West,Consumer,2024-11-14
51938,Northeast,SMB,2025-05-04
51939,Midwest,Consumer,2025-01-27
51940,Midwest,SMB,2023-09-22
51941,West,SMB,2025-01-15
51942,Midwest,Consumer,2024-01-11
51943,Northeast,Consumer,2023-01-16
51944,Midwest,Consumer,2024-11-23
51945,Northeast,Consumer,2025-01-31
51946,West,Consumer,2023-11-10
51947,Northeast,Consumer,2024-02-16
51948,West,Consumer,2023-11-29
51949,Midwest,SMB,2023-04-17
51950,Northeast,Consumer,2025-06-26
51951,West,Consumer,2023-01-21
51952,Northeast,Consumer,2024-05-21
51953,Midwest,Consumer,2023-01-14
51954,West,Consumer,2024-09-20
51955,Northeast,Consumer,2025-04-01
51956,South,Consumer,2024-08-09
51957,West,Consumer,2024-07-06
51958,Midwest,Consumer,2025-01-25
51959,Northeast,Consumer,2025-06-07
51960,Midwest,Consumer,2025-02-24
51961,Northeast,Consumer,2023-07-31
51962,Midwest,Consumer,2024-05-28
51963,South,Consumer,2025-01-16
51964,Midwest,Consumer,2023-09-26
51965,South,Consumer,2024-09-07
51966,Midwest,SMB,2023-01-21
51967,Northeast,Consumer,2025-03-11
51968,Northeast,Consumer,2024-07-14
51969,South,Consumer,2024-11-08
51970,Northeast,Consumer,2025-01-22
51971,Northeast,Consumer,2023-07-19
51972,West,Consumer,2024-02-15
51973,South,SMB,2025-02-22
51974,Midwest,Consumer,2023-05-31
51975,West,Consumer,2025-01-20
51976,Northeast,Consumer,2023-09-20
51977,Midwest,Consumer,2024-06-08
51978,Northeast,Consumer,2024-04-10
51979,Midwest,Consumer,2024-09-18
51980,Midwest,SMB,2025-02-02
51981,South,Consumer,2023-11-15
51982,Midwest,Consumer,2023-06-06
51983,West,Consumer,2024-01-21
51984,West,Consumer,2024-07-12
51985,South,SMB,2024-11-15
51986,South,Consumer,2024-11-18
51987,South,Consumer,2023-11-07
51988,West,Consumer,2025-05-03
51989,Northeast,SMB,2023-03-17
51990,Midwest,Consumer,2023-04-17
51991,Northeast,Consumer,2023-01-23
51992,South,SMB,2025-04-24
51993,Midwest,Consumer,2023-06-14
51994,South,Consumer,2024-07-02
51995,Midwest,Consumer,2025-01-11
51996,West,Consumer,2024-11-30
51997,Midwest,Consumer,2025-05-15
51998,Midwest,SMB,2023-02-19
51999,Midwest,Consumer,2024-01-07
52000,Midwest,Consumer,2024-04-06
